round,loss,val_accuracy
1,2.691864246428013,0.19433333333333333
2,1.611103108326594,0.4109166666666667
3,1.6786906959414483,0.37858333333333327
4,1.707210468115906,0.55125
5,2.2634448246471583,0.4281666666666667
6,1.5201037248770395,0.46583333333333327
7,2.751013598335286,0.36525
8,1.7155331097207964,0.42425
9,1.0110432812174162,0.64275
10,1.5823203534732262,0.5199166666666666
