round,loss,val_accuracy
1,1.8727996934254965,0.35475000000000007
2,1.4446616004109383,0.5851666666666666
3,1.1220730649332205,0.6300833333333332
4,1.0537498363256455,0.6723333333333333
5,0.9485712322294713,0.6616666666666666
6,0.9425865197281043,0.6909166666666666
7,0.895398423537612,0.6670833333333333
8,0.9263399914205074,0.6710833333333333
9,0.9370542013843854,0.6616666666666666
10,0.9270620949864388,0.6754999999999999
