round,loss,val_accuracy
1,1.872799683491389,0.35475
2,1.4281560694972675,0.5775833333333333
3,1.1156885977089406,0.6480833333333332
4,1.0195365930596987,0.6881666666666666
5,0.9284672646522522,0.6788333333333333
6,0.9765078305900097,0.6826666666666665
7,0.9496513976231218,0.6451666666666667
8,0.9469950984021028,0.6808333333333334
9,0.9564736137092114,0.6544166666666666
10,0.9059543442130089,0.6829166666666666
