round,loss,val_accuracy
1,nan,0.09675
2,nan,0.09675
3,nan,0.09675
4,nan,0.09675
5,nan,0.09675
6,nan,0.09675
7,nan,0.09675
8,nan,0.09675
9,nan,0.09675
10,nan,0.09675
