round,loss,val_accuracy
1,2.946173408910632,0.19866666666666666
2,2.157492235501607,0.33025
3,1.7138348472118379,0.3785833333333333
4,1.8088858220328887,0.42441666666666666
5,1.6531055399080117,0.4354166666666667
6,1.5248715930978458,0.4290833333333333
7,2.3739972433516137,0.42791666666666667
8,1.9631113999187946,0.4286666666666667
9,1.41782794602712,0.5538333333333334
10,1.1906675665676594,0.5263333333333332
