round,loss,val_accuracy
1,1.8198447117010752,0.35533333333333333
2,1.3299376678268116,0.5424166666666667
3,1.0970585352579754,0.6725833333333333
4,0.9164265880286694,0.6653333333333333
5,1.2068997555077077,0.6115
6,1.1921777344197035,0.5819166666666667
7,1.376983242039879,0.63975
8,1.005654648769647,0.6263333333333333
9,0.8863754778429865,0.71625
10,0.6657432814898591,0.7270833333333333
